[{"URI": "http://comune.milano.it/resource/hotel/accademia", "value": 0.04454632660022345}, {"URI": "http://comune.milano.it/resource/hotel/mc_mahon", "value": 0.05682689818702875}, {"URI": "http://comune.milano.it/resource/hotel/hotel_capitol", "value": 0.060223721417346936}, {"URI": "http://comune.milano.it/resource/hotel/hotel_astoria", "value": 0.045343765706853605}, {"URI": "http://comune.milano.it/resource/hotel/hotel_de_la_ville", "value": 0.12001003140067693}, {"URI": "http://comune.milano.it/resource/hotel/ares", "value": 0.06025128207409794}, {"URI": "http://comune.milano.it/resource/hotel/amalfi", "value": 0.05545428886892591}, {"URI": "http://comune.milano.it/resource/hotel/minihotel_tiziano", "value": 0.057380866091523264}, {"URI": "http://comune.milano.it/resource/hotel/principe_di_savoia", "value": 0.10100740991358467}, {"URI": "http://comune.milano.it/resource/hotel/nh_milano_touring", "value": 0.09581322363443469}, {"URI": "http://comune.milano.it/resource/hotel/nh_conference_hotel", "value": 0.022224855279422657}, {"URI": "http://comune.milano.it/resource/hotel/hotel_cervo", "value": 0.11140974549315352}, {"URI": "http://comune.milano.it/resource/hotel/hotel_enterprise", "value": 0.056374145689914695}, {"URI": "http://comune.milano.it/resource/hotel/ih_hotel_milano_gioia", "value": 0.05533480657872276}, {"URI": "http://comune.milano.it/resource/hotel/hotel_europa", "value": 0.11261119036600338}, {"URI": "http://comune.milano.it/resource/hotel/hotel_delle_nazioni", "value": 0.09221232844228304}, {"URI": "http://comune.milano.it/resource/hotel/atahotel_quark_due_residence", "value": 0.06935342462168086}, {"URI": "http://comune.milano.it/resource/hotel/hotel_concorde", "value": 0.06935342462168086}, {"URI": "http://comune.milano.it/resource/hotel/the_hub", "value": 0.06935342462168086}, {"URI": "http://comune.milano.it/resource/hotel/hotel_ramada", "value": 0.06935342462168086}, {"URI": "http://comune.milano.it/resource/hotel/hotel_amendola_fiera", "value": 0.06935342462168086}, {"URI": "http://comune.milano.it/resource/hotel/hotel_ramada_1", "value": 0.06935342462168086}, {"URI": "http://comune.milano.it/resource/hotel/grand_hotel_barone_di_sassj", "value": 0.06935342462168086}, {"URI": "http://comune.milano.it/resource/hotel/hotel_apollo", "value": 0.06935342462168086}, {"URI": "http://comune.milano.it/resource/hotel/hotel_losanna", "value": 0.07888072697755405}, {"URI": "http://comune.milano.it/resource/hotel/una_hotel", "value": 0.07552006065999038}, {"URI": "http://comune.milano.it/resource/hotel/the_westin_palace", "value": 0.009566174422039362}, {"URI": "http://comune.milano.it/resource/hotel/albergo_lario", "value": 0.0006559083041109104}, {"URI": "http://comune.milano.it/resource/hotel/residence_pola", "value": 0.0008598812010037417}, {"URI": "http://comune.milano.it/resource/hotel/hotel_zara", "value": 0.07651173473579219}, {"URI": "http://comune.milano.it/resource/hotel/excelsior_hotel_gallia", "value": 0.06935342462168086}, {"URI": "http://comune.milano.it/resource/hotel/abacus_hotel", "value": 0.06935342462168086}, {"URI": "http://comune.milano.it/resource/hotel/barcel\u00f3_milan", "value": 0.06935342462168086}, {"URI": "http://comune.milano.it/resource/hotel/klima_hotel_milano_fiere", "value": 0.06935342462168086}, {"URI": "http://comune.milano.it/resource/hotel/hilton_garden_inn_milan_north", "value": 0.06935342462168086}, {"URI": "http://comune.milano.it/resource/hotel/anderson_hotel", "value": 0.06935342462168086}, {"URI": "http://comune.milano.it/resource/hotel/hotel_astoria_1", "value": 0.06935342462168086}, {"URI": "http://comune.milano.it/resource/hotel/atahotel_expo_fiera", "value": 0.06935342462168086}, {"URI": "http://comune.milano.it/resource/hotel/hotel_bovisa", "value": 0.06935342462168086}, {"URI": "http://comune.milano.it/resource/hotel/hotel_rubens", "value": 0.06935342462168086}, {"URI": "http://comune.milano.it/resource/hotel/hotel_augustus", "value": 0.09162946847697814}, {"URI": "http://comune.milano.it/resource/hotel/hotel_losanna_1", "value": 0.09058966611152419}, {"URI": "http://comune.milano.it/resource/hotel/biocity_hotel", "value": 0.07036924625217489}, {"URI": "http://comune.milano.it/resource/hotel/hotel_demidoff", "value": 0.08438774084716548}, {"URI": "http://comune.milano.it/resource/hotel/hotel_cervo_1", "value": 0.10154738661452964}, {"URI": "http://comune.milano.it/resource/hotel/hotel_mercure_milano_centro", "value": 0.08932127110472356}, {"URI": "http://comune.milano.it/resource/hotel/art_hotel_navigli", "value": 0.08269169559108377}, {"URI": "http://comune.milano.it/resource/hotel/vallazze", "value": 0.07037570305543456}, {"URI": "http://comune.milano.it/resource/hotel/montecarlo", "value": 0.06403611040658479}, {"URI": "http://comune.milano.it/resource/hotel/idea_hotel_milano_san_siro", "value": 0.02009777274111626}, {"URI": "http://comune.milano.it/resource/hotel/regency_hotel", "value": 0.05219159046023378}, {"URI": "http://comune.milano.it/resource/hotel/hotel_brunelleschi", "value": 0.09510897818944408}, {"URI": "http://comune.milano.it/resource/hotel/four_seasons", "value": 0.10454267874843073}, {"URI": "http://comune.milano.it/resource/hotel/sunset_hotel", "value": 0.05865173386956259}, {"URI": "http://comune.milano.it/resource/hotel/hotel_citta_studi", "value": 0.058707340511859156}, {"URI": "http://comune.milano.it/resource/hotel/hotel_ornato", "value": 0.03601147922081374}, {"URI": "http://comune.milano.it/resource/hotel/hotel_piacenza", "value": 0.06080557096653415}, {"URI": "http://comune.milano.it/resource/hotel/mayorca", "value": 0.06238713469181377}, {"URI": "http://comune.milano.it/resource/hotel/hotel_domenichino", "value": 0.04929629675937135}, {"URI": "http://comune.milano.it/resource/hotel/hotel_venini", "value": 0.10148820228149329}, {"URI": "http://comune.milano.it/resource/hotel/nyx_milan_by_leonardo_hotel", "value": 0.0818931233792304}, {"URI": "http://comune.milano.it/resource/hotel/dipendenza_hotel_the_yard_milano", "value": 3.379608269476351e-05}, {"URI": "http://comune.milano.it/resource/hotel/city_life_hotel_poliziano", "value": 0.08306562162957053}, {"URI": "http://comune.milano.it/resource/hotel/four_points_by_sheraton_milan_center", "value": 0.09397520433930509}, {"URI": "http://comune.milano.it/resource/hotel/savona_18_suites", "value": 0.11017237714718311}, {"URI": "http://comune.milano.it/resource/hotel/residence_pola_1", "value": 0.09873700577673898}, {"URI": "http://comune.milano.it/resource/hotel/boscolo_hotel_exedra", "value": 0.00099440944403608}, {"URI": "http://comune.milano.it/resource/hotel/hotel_gritti", "value": 0.11911983630932622}, {"URI": "http://comune.milano.it/resource/hotel/hotel_via_orefici", "value": 0.20452134295893656}, {"URI": "http://comune.milano.it/resource/hotel/hotel_carrobio", "value": 0.0996306387192223}, {"URI": "http://comune.milano.it/resource/hotel/hotel_roxy", "value": 0.07864487437175766}, {"URI": "http://comune.milano.it/resource/hotel/atahotel_the_big", "value": 0.10757434928977047}, {"URI": "http://comune.milano.it/resource/hotel/hotel_palazzo_delle_stelline", "value": 0.08595592790594861}, {"URI": "http://comune.milano.it/resource/hotel/oasi_village_hotel", "value": 0.0659122406104979}, {"URI": "http://comune.milano.it/resource/hotel/hotel_iride", "value": 0.056673725577918846}, {"URI": "http://comune.milano.it/resource/hotel/abacus_hotel_1", "value": 0.03314230749995951}, {"URI": "http://comune.milano.it/resource/hotel/ibis_styles", "value": 0.03352951040011582}, {"URI": "http://comune.milano.it/resource/hotel/hotel_losanna_2", "value": 0.05771982784075786}, {"URI": "http://comune.milano.it/resource/hotel/hotel_nuovo_metro", "value": 0.05490396087943971}, {"URI": "http://comune.milano.it/resource/hotel/hotel_la_madonnina", "value": 0.11595057338688086}, {"URI": "http://comune.milano.it/resource/hotel/residence_pola_2", "value": 0.0008033046626701774}, {"URI": "http://comune.milano.it/resource/hotel/gianni", "value": 3.379608269476351e-05}, {"URI": "http://comune.milano.it/resource/hotel/le_quercie", "value": 0.04755474618217609}, {"URI": "http://comune.milano.it/resource/hotel/giusti_6", "value": 0.0009955850543238878}, {"URI": "http://comune.milano.it/resource/hotel/locanda_gelsomina", "value": 0.013645323296422693}, {"URI": "http://comune.milano.it/resource/hotel/pensione_aris", "value": 3.379608269476351e-05}, {"URI": "http://comune.milano.it/resource/hotel/residenza_cenisio", "value": 3.379608269476351e-05}, {"URI": "http://comune.milano.it/resource/hotel/hotel_arno__hotel_eva", "value": 0.09572287951827681}, {"URI": "http://comune.milano.it/resource/hotel/hotel_spadari", "value": 0.11994493610555593}, {"URI": "http://comune.milano.it/resource/hotel/nh_machiavelli", "value": 0.10286538370368907}, {"URI": "http://comune.milano.it/resource/hotel/carlton_hotel_baglioni", "value": 0.08750700861762335}, {"URI": "http://comune.milano.it/resource/hotel/san_pietro_allorto_6", "value": 0.10043183532095133}, {"URI": "http://comune.milano.it/resource/hotel/hotel_san_guido", "value": 0.10608663803799077}, {"URI": "http://comune.milano.it/resource/hotel/la_caravella", "value": 0.059017447154293357}, {"URI": "http://comune.milano.it/resource/hotel/hotel_venini_1", "value": 0.06727879530278282}, {"URI": "http://comune.milano.it/resource/hotel/atahotels_de_angeli_residence", "value": 0.0494408750459}, {"URI": "http://comune.milano.it/resource/hotel/meininger_milan_garibaldi", "value": 0.06225855948261052}, {"URI": "http://comune.milano.it/resource/hotel/hotel_kennedy", "value": 0.18662200057361752}, {"URI": "http://comune.milano.it/resource/hotel/residence_donatello", "value": 0.001462968569956571}, {"URI": "http://comune.milano.it/resource/hotel/pensione_oriente", "value": 3.379608269476351e-05}, {"URI": "http://comune.milano.it/resource/hotel/exellent", "value": 0.0012079961254109004}, {"URI": "http://comune.milano.it/resource/hotel/hotel_vintage", "value": 3.379608269476351e-05}, {"URI": "http://comune.milano.it/resource/hotel/chteau_monfort", "value": 0.07205981558437859}, {"URI": "http://comune.milano.it/resource/hotel/hotel_venezia", "value": 0.000363825060799443}, {"URI": "http://comune.milano.it/resource/hotel/jolie", "value": 0.013211480471525873}, {"URI": "http://comune.milano.it/resource/hotel/jolie_1", "value": 0.0006025383448403473}, {"URI": "http://comune.milano.it/resource/hotel/albergo_fenice", "value": 0.09205336608991348}, {"URI": "http://comune.milano.it/resource/hotel/al_vecchio_mulino", "value": 0.029237786293681244}, {"URI": "http://comune.milano.it/resource/hotel/hilton_milan", "value": 0.08405438940829109}, {"URI": "http://comune.milano.it/resource/hotel/hotel_sheraton__four_points", "value": 0.09493070588960216}, {"URI": "http://comune.milano.it/resource/hotel/hotel_roxy_1", "value": 0.11641197185944592}, {"URI": "http://comune.milano.it/resource/hotel/ibis_milano_centro", "value": 0.0989917435141208}, {"URI": "http://comune.milano.it/resource/hotel/king_mokinba_hotel", "value": 0.10466834973081629}, {"URI": "http://comune.milano.it/resource/hotel/hotel_colombia", "value": 0.09109565315824494}, {"URI": "http://comune.milano.it/resource/hotel/hotel_iride_1", "value": 0.09096630851011085}, {"URI": "http://comune.milano.it/resource/hotel/albergo_italia", "value": 0.08947140560453229}, {"URI": "http://comune.milano.it/resource/hotel/park_hyatt_milano", "value": 0.11770105460908867}, {"URI": "http://comune.milano.it/resource/hotel/camperio_house_suites_&_apartments", "value": 3.379608269476351e-05}, {"URI": "http://comune.milano.it/resource/hotel/hotel_genius_down_town", "value": 0.11260559365303201}, {"URI": "http://comune.milano.it/resource/hotel/jolly_hotel_president", "value": 1.666336400833961e-05}, {"URI": "http://comune.milano.it/resource/hotel/bulgari_hotels_e_resorts_milano", "value": 3.379608269476351e-05}, {"URI": "http://comune.milano.it/resource/hotel/residence_borgonuovo", "value": 0.0008554143729710327}, {"URI": "http://comune.milano.it/resource/hotel/hotel_bonaparte", "value": 0.10494745947814345}, {"URI": "http://comune.milano.it/resource/hotel/residence_bocconi", "value": 0.000797806189652513}, {"URI": "http://comune.milano.it/resource/hotel/hotel_liberty", "value": 0.0728271817821378}, {"URI": "http://comune.milano.it/resource/hotel/dipendenza", "value": 0.000853536663854253}, {"URI": "http://comune.milano.it/resource/hotel/petit_palais", "value": 0.08386726783315712}, {"URI": "http://comune.milano.it/resource/hotel/hotel_gelsomina", "value": 0.08214034143557401}, {"URI": "http://comune.milano.it/resource/hotel/hotel_mignon", "value": 0.08438076627802937}, {"URI": "http://comune.milano.it/resource/hotel/hotel_cervo_2", "value": 0.08298194956522245}, {"URI": "http://comune.milano.it/resource/hotel/residence_cimarosa", "value": 0.05992072256073856}, {"URI": "http://comune.milano.it/resource/hotel/hotel_europa_1", "value": 0.05035882524827976}, {"URI": "http://comune.milano.it/resource/hotel/convertini", "value": 0.031410687735186085}, {"URI": "http://comune.milano.it/resource/hotel/bovisa_house", "value": 0.04891229776759687}, {"URI": "http://comune.milano.it/resource/hotel/spice", "value": 0.06935342462168086}, {"URI": "http://comune.milano.it/resource/hotel/milano_watttredici", "value": 0.06935342462168086}, {"URI": "http://comune.milano.it/resource/hotel/grand_hotel_villa_torretta_milan_sesto_curio_collection_by_hilton", "value": 0.06935342462168086}, {"URI": "http://comune.milano.it/resource/hotel/hotel_chopin", "value": 0.05657391036616099}, {"URI": "http://comune.milano.it/resource/hotel/ferrari", "value": 0.06560378506277768}, {"URI": "http://comune.milano.it/resource/hotel/hotel_nicosia", "value": 0.06560378506277768}, {"URI": "http://comune.milano.it/resource/hotel/marriot_hotel", "value": 3.379608269476351e-05}, {"URI": "http://comune.milano.it/resource/hotel/hotel_gritti_1", "value": 0.04907585243579276}, {"URI": "http://comune.milano.it/resource/hotel/hotel_zara_1", "value": 0.043600624888697856}, {"URI": "http://comune.milano.it/resource/hotel/residence_desenzano", "value": 0.043419487367347874}, {"URI": "http://comune.milano.it/resource/hotel/hotel_kennedy_1", "value": 0.026473476963683816}, {"URI": "http://comune.milano.it/resource/hotel/hotel_zara_2", "value": 0.043600624888697856}, {"URI": "http://comune.milano.it/resource/hotel/residence_osoppo", "value": 0.04323935076493904}, {"URI": "http://comune.milano.it/resource/hotel/hotel_ramada_2", "value": 0.06794559111507252}, {"URI": "http://comune.milano.it/resource/hotel/hotel_apollo_1", "value": 0.06818285272417653}, {"URI": "http://comune.milano.it/resource/hotel/galileo", "value": 0.058965688496565465}, {"URI": "http://comune.milano.it/resource/hotel/hotel_casa_mia", "value": 0.10576193797893335}, {"URI": "http://comune.milano.it/resource/hotel/hotel_melia_il_duca", "value": 0.10395946972500704}, {"URI": "http://comune.milano.it/resource/hotel/windsor_hotel", "value": 0.10336229518420224}, {"URI": "http://comune.milano.it/resource/hotel/genius_hotel_downtown", "value": 0.11260559365303201}, {"URI": "http://comune.milano.it/resource/hotel/lancaster_hotel", "value": 0.07146817539243744}, {"URI": "http://comune.milano.it/resource/hotel/apart_hotel_dei_mercanti", "value": 0.11953335958534178}, {"URI": "http://comune.milano.it/resource/hotel/crivis_hotel", "value": 0.06966963855007804}, {"URI": "http://comune.milano.it/resource/hotel/casa_albergo_residence_zara_lagosta", "value": 0.0008615072886794799}, {"URI": "http://comune.milano.it/resource/hotel/rta_cola_montano", "value": 0.08651504373490283}, {"URI": "http://comune.milano.it/resource/hotel/hotel_zara_3", "value": 0.07651173473579219}, {"URI": "http://comune.milano.it/resource/hotel/contessa_jolanda_attivit_promiscua_133_appartamenti_(266_posti_letto)_e_9_camere_albergo_per_18_posti_letto_per_un_totale_di_284_posti_letto", "value": 3.379608269476351e-05}, {"URI": "http://comune.milano.it/resource/hotel/studio_inn_art_centrale", "value": 0.00022628746230387537}, {"URI": "http://comune.milano.it/resource/hotel/albergo_sicilia", "value": 0.04654398596784516}, {"URI": "http://comune.milano.it/resource/hotel/residence_pola_3", "value": 0.0011314257057103542}, {"URI": "http://comune.milano.it/resource/hotel/hotel_ibis_milano_ca_granda", "value": 0.04702265242581227}, {"URI": "http://comune.milano.it/resource/hotel/viserba_residence", "value": 0.0006099853914171015}, {"URI": "http://comune.milano.it/resource/hotel/residence_atahotel_linea_uno", "value": 0.0005495911271817462}, {"URI": "http://comune.milano.it/resource/hotel/hotel_perugino", "value": 0.06935342462168086}, {"URI": "http://comune.milano.it/resource/hotel/hotel_mistral", "value": 0.06935342462168086}, {"URI": "http://comune.milano.it/resource/hotel/aparthotel_bicocca", "value": 0.06935342462168086}, {"URI": "http://comune.milano.it/resource/hotel/hotel_roxy_2", "value": 0.06935342462168086}, {"URI": "http://comune.milano.it/resource/hotel/albergo_parini", "value": 0.06935342462168086}, {"URI": "http://comune.milano.it/resource/hotel/hotel_villa_giovanna", "value": 0.06935342462168086}, {"URI": "http://comune.milano.it/resource/hotel/hotel_calypso", "value": 0.06935342462168086}, {"URI": "http://comune.milano.it/resource/hotel/i_dieci_mondi", "value": 0.06935342462168086}, {"URI": "http://comune.milano.it/resource/hotel/hotel_stradivari", "value": 0.07737746929189296}, {"URI": "http://comune.milano.it/resource/hotel/ares_1", "value": 0.05341503884018079}, {"URI": "http://comune.milano.it/resource/hotel/trento", "value": 3.379608269476351e-05}, {"URI": "http://comune.milano.it/resource/hotel/hotel_venezia_1", "value": 0.0010825114946116947}, {"URI": "http://comune.milano.it/resource/hotel/albergo_la_pace", "value": 0.00022595769370170523}, {"URI": "http://comune.milano.it/resource/hotel/hotel_chopin_1", "value": 3.379608269476351e-05}, {"URI": "http://comune.milano.it/resource/hotel/hotel_adelchi_lambrate", "value": 0.05387842395354992}, {"URI": "http://comune.milano.it/resource/hotel/albergo_lombardia", "value": 0.06101956264935157}, {"URI": "http://comune.milano.it/resource/hotel/calipso", "value": 0.005723757594078067}, {"URI": "http://comune.milano.it/resource/hotel/hotel_venezia_2", "value": 0.01331741939534308}, {"URI": "http://comune.milano.it/resource/hotel/pensione_aris_1", "value": 0.016218248040153427}, {"URI": "http://comune.milano.it/resource/hotel/hotel_chopin_2", "value": 0.0012079961254109004}, {"URI": "http://comune.milano.it/resource/hotel/hotel_sempione", "value": 0.10845434420828594}, {"URI": "http://comune.milano.it/resource/hotel/corona", "value": 0.05913396133672869}, {"URI": "http://comune.milano.it/resource/hotel/hotel_roxy_3", "value": 0.07747360134943264}, {"URI": "http://comune.milano.it/resource/hotel/una_hotel_1", "value": 0.05543815782699106}, {"URI": "http://comune.milano.it/resource/hotel/hotel_central_station", "value": 0.08345901818414575}, {"URI": "http://comune.milano.it/resource/hotel/hotel_deste", "value": 0.10098003020993904}, {"URI": "http://comune.milano.it/resource/hotel/anderson_hotel_1", "value": 0.07799587603683009}, {"URI": "http://comune.milano.it/resource/hotel/residence_giusti6", "value": 0.08984355465471554}, {"URI": "http://comune.milano.it/resource/hotel/hotel_de_albertis__eco_art", "value": 0.058068119042716686}, {"URI": "http://comune.milano.it/resource/hotel/hotel_leonardo", "value": 0.08755000624890254}, {"URI": "http://comune.milano.it/resource/hotel/b&b_monteverdi", "value": 0.07601291623242311}, {"URI": "http://comune.milano.it/resource/hotel/hotel_dieci", "value": 0.05968145599546686}, {"URI": "http://comune.milano.it/resource/hotel/hotel_apollo_2", "value": 0.08014291030497932}, {"URI": "http://comune.milano.it/resource/hotel/hotel_terminal", "value": 0.07572070982557225}, {"URI": "http://comune.milano.it/resource/hotel/le_querce", "value": 0.04755474618217609}, {"URI": "http://comune.milano.it/resource/hotel/palazzo_parigi", "value": 0.10012509387567729}, {"URI": "http://comune.milano.it/resource/hotel/hotel_magna_pars_suites", "value": 0.09123658079941036}, {"URI": "http://comune.milano.it/resource/hotel/hotel_arizona", "value": 0.03669602401708427}, {"URI": "http://comune.milano.it/resource/hotel/hotel_losanna_3", "value": 0.11097192618853864}, {"URI": "http://comune.milano.it/resource/hotel/milano_suites", "value": 0.11910526045209162}, {"URI": "http://comune.milano.it/resource/hotel/holiday_inn", "value": 0.09226599083711035}, {"URI": "http://comune.milano.it/resource/hotel/jolie_2", "value": 0.08920515051996628}, {"URI": "http://comune.milano.it/resource/hotel/doria_grand_hotel", "value": 0.09890534104227272}, {"URI": "http://comune.milano.it/resource/hotel/hotel_raffaello", "value": 0.04284331629668811}, {"URI": "http://comune.milano.it/resource/hotel/mirage", "value": 0.04314857272162315}, {"URI": "http://comune.milano.it/resource/hotel/meininger_hotel", "value": 0.0482493719584178}, {"URI": "http://comune.milano.it/resource/hotel/hotel_cervo_3", "value": 0.03550371691091656}, {"URI": "http://comune.milano.it/resource/hotel/hotel_losanna_4", "value": 0.07435646069082774}, {"URI": "http://comune.milano.it/resource/hotel/hotel_cervo_4", "value": 0.07101107418098684}, {"URI": "http://comune.milano.it/resource/hotel/secondo_pensiero", "value": 0.1127900587106312}, {"URI": "http://comune.milano.it/resource/hotel/hotel_monforte_27", "value": 0.08205125388491429}, {"URI": "http://comune.milano.it/resource/hotel/pierre_milano", "value": 0.0910310022595032}, {"URI": "http://comune.milano.it/resource/hotel/hotel_seven_rooms_milano", "value": 0.034699154574259296}, {"URI": "http://comune.milano.it/resource/hotel/metro", "value": 0.05860307541293475}, {"URI": "http://comune.milano.it/resource/hotel/san_siro_fiera", "value": 0.024158118029897955}, {"URI": "http://comune.milano.it/resource/hotel/nuovo_marghera", "value": 0.05822669715004884}, {"URI": "http://comune.milano.it/resource/hotel/garden", "value": 0.04861145586917297}, {"URI": "http://comune.milano.it/resource/hotel/hotel_felice_casati", "value": 0.09637833316779021}, {"URI": "http://comune.milano.it/resource/hotel/hotel_venini_2", "value": 0.09205336608991348}, {"URI": "http://comune.milano.it/resource/hotel/hotel_nettuno", "value": 0.08803315112044992}, {"URI": "http://comune.milano.it/resource/hotel/grand_hotel_et_de_milan", "value": 0.10675356425604907}, {"URI": "http://comune.milano.it/resource/hotel/ares_2", "value": 0.03552211465896588}, {"URI": "http://comune.milano.it/resource/hotel/santa_marta_suites", "value": 0.11287750292628536}, {"URI": "http://comune.milano.it/resource/hotel/hotel_venini_3", "value": 0.096743980280512}, {"URI": "http://comune.milano.it/resource/hotel/hotel_cervo_5", "value": 0.11287477347092002}, {"URI": "http://comune.milano.it/resource/hotel/una_hotel_2", "value": 0.0844555003215553}, {"URI": "http://comune.milano.it/resource/hotel/spice_1", "value": 0.09343103120396859}, {"URI": "http://comune.milano.it/resource/hotel/dei_fiori", "value": 0.04326292924543683}, {"URI": "http://comune.milano.it/resource/hotel/jolie_3", "value": 0.0492858299811492}, {"URI": "http://comune.milano.it/resource/hotel/ming_hao_hotel", "value": 0.08578719750796593}, {"URI": "http://comune.milano.it/resource/hotel/dependance_hotel_demo", "value": 0.0764433728658163}, {"URI": "http://comune.milano.it/resource/hotel/trento_1", "value": 0.1083278872897874}, {"URI": "http://comune.milano.it/resource/hotel/garden_1", "value": 0.03513684564360735}, {"URI": "http://comune.milano.it/resource/hotel/hotel_carlo_goldoni", "value": 0.062050154184620024}, {"URI": "http://comune.milano.it/resource/hotel/hotel_cervo_6", "value": 0.09378668426539885}, {"URI": "http://comune.milano.it/resource/hotel/nh_milano_palazzo_moscova", "value": 0.06935342462168086}, {"URI": "http://comune.milano.it/resource/hotel/nh_milano_grand_hotel_verdi", "value": 0.06935342462168086}, {"URI": "http://comune.milano.it/resource/hotel/nh_concordia", "value": 0.06935342462168086}, {"URI": "http://comune.milano.it/resource/hotel/domina_milano_fiera", "value": 0.06935342462168086}, {"URI": "http://comune.milano.it/resource/hotel/corona_1", "value": 0.02262434415169952}, {"URI": "http://comune.milano.it/resource/hotel/hotel_perugino_1", "value": 0.05041227393769119}, {"URI": "http://comune.milano.it/resource/hotel/hotel_naviglio_grande", "value": 0.02493973883066075}, {"URI": "http://comune.milano.it/resource/hotel/best_western_hotel_city", "value": 0.08478607096558964}, {"URI": "http://comune.milano.it/resource/hotel/galileo_1", "value": 0.09310345831949896}, {"URI": "http://comune.milano.it/resource/hotel/hotel_zara_4", "value": 0.08947140560453229}, {"URI": "http://comune.milano.it/resource/hotel/tencaresidence", "value": 0.004720945812273337}, {"URI": "http://comune.milano.it/resource/hotel/albergo_sempione", "value": 0.0036135760415324913}, {"URI": "http://comune.milano.it/resource/hotel/starhotels_echo", "value": 3.379608269476351e-05}, {"URI": "http://comune.milano.it/resource/hotel/hotel_vintage_1", "value": 0.08060296498861667}, {"URI": "http://comune.milano.it/resource/hotel/residenza_delle_citta", "value": 3.379608269476351e-05}, {"URI": "http://comune.milano.it/resource/hotel/pensione_aris_2", "value": 0.09903147204041551}, {"URI": "http://comune.milano.it/resource/hotel/klick_hotel", "value": 0.09243280920680887}, {"URI": "http://comune.milano.it/resource/hotel/me_milan_il_duca", "value": 0.00954668310349509}, {"URI": "http://comune.milano.it/resource/hotel/duca_di_milano", "value": 0.00954668310349509}, {"URI": "http://comune.milano.it/resource/hotel/dependance_hotel_motel_silver", "value": 0.018349923465601284}, {"URI": "http://comune.milano.it/resource/hotel/milano_navigli", "value": 0.1032112396041046}, {"URI": "http://comune.milano.it/resource/hotel/klick_hotel_1", "value": 0.10324678071343275}, {"URI": "http://comune.milano.it/resource/hotel/hotel_new_york", "value": 0.09254727664729262}, {"URI": "http://comune.milano.it/resource/hotel/sheraton_diana_majestic", "value": 0.08435284879800047}, {"URI": "http://comune.milano.it/resource/hotel/eurohotel", "value": 0.08679742807299017}, {"URI": "http://comune.milano.it/resource/hotel/sunflower", "value": 0.04825844951519214}, {"URI": "http://comune.milano.it/resource/hotel/melia_milano", "value": 0.050539624895439776}, {"URI": "http://comune.milano.it/resource/hotel/hotel_venini_4", "value": 0.09838803498741239}, {"URI": "http://comune.milano.it/resource/hotel/santa_barbara_hotel", "value": 0.030352212226497276}, {"URI": "http://comune.milano.it/resource/hotel/athahotel_linea_uno", "value": 0.0543157368783383}, {"URI": "http://comune.milano.it/resource/hotel/hotel_cervo_7", "value": 0.06667159974598232}, {"URI": "http://comune.milano.it/resource/hotel/albergo_villa_mira", "value": 0.06656840710643411}, {"URI": "http://comune.milano.it/resource/hotel/hotel_lombardia", "value": 0.060846119217215874}, {"URI": "http://comune.milano.it/resource/hotel/hotel_cervo_8", "value": 0.09674470683953344}, {"URI": "http://comune.milano.it/resource/hotel/hotel_spadari_1", "value": 0.1148427108551694}, {"URI": "http://comune.milano.it/resource/hotel/hotel_spadari_2", "value": 0.10335764146235761}, {"URI": "http://comune.milano.it/resource/hotel/mandarin_oriental", "value": 0.10509328055868179}, {"URI": "http://comune.milano.it/resource/hotel/hotel_cervo_9", "value": 0.09210369875679544}, {"URI": "http://comune.milano.it/resource/hotel/hotel_cervo_10", "value": 0.08779667206120803}, {"URI": "http://comune.milano.it/resource/hotel/starhotels_ritz", "value": 0.08813168858300666}, {"URI": "http://comune.milano.it/resource/hotel/hotel_bicocca", "value": 0.05250962311648896}, {"URI": "http://comune.milano.it/resource/hotel/nh_hoteles", "value": 0.022453665548292135}, {"URI": "http://comune.milano.it/resource/hotel/maxim_hotel__motel", "value": 0.023148127723408678}, {"URI": "http://comune.milano.it/resource/hotel/portello", "value": 0.05020414364981196}, {"URI": "http://comune.milano.it/resource/hotel/hotel_monopole", "value": 0.07901121907404447}, {"URI": "http://comune.milano.it/resource/hotel/acca_palace", "value": 0.042012378485216544}, {"URI": "http://comune.milano.it/resource/hotel/hotel_cervo_11", "value": 0.028676891686963652}, {"URI": "http://comune.milano.it/resource/hotel/hotel_sir_edward", "value": 0.0009954097216324936}, {"URI": "http://comune.milano.it/resource/hotel/residence_vip_s", "value": 0.0002532325977488346}, {"URI": "http://comune.milano.it/resource/hotel/four_season_hotel_milan", "value": 0.09689582860728058}, {"URI": "http://comune.milano.it/resource/hotel/ares_3", "value": 0.08706660518693093}, {"URI": "http://comune.milano.it/resource/hotel/hotel_dieci_1", "value": 0.04884082521734737}, {"URI": "http://comune.milano.it/resource/hotel/hotel_roxy_4", "value": 0.041223601899595376}, {"URI": "http://comune.milano.it/resource/hotel/atahotel_executive", "value": 0.09767450176731814}, {"URI": "http://comune.milano.it/resource/hotel/hotel_aspromonte", "value": 0.06703627769480221}, {"URI": "http://comune.milano.it/resource/hotel/starhotels_rosa_grand_hotel", "value": 0.09939069168467456}, {"URI": "http://comune.milano.it/resource/hotel/best_western_ascott", "value": 0.08706660518693093}, {"URI": "http://comune.milano.it/resource/hotel/una_maison_milano", "value": 0.11733290616641567}, {"URI": "http://comune.milano.it/resource/hotel/una_hotel_3", "value": 0.12293375845254415}, {"URI": "http://comune.milano.it/resource/hotel/the_hub_1", "value": 0.12488178170244324}, {"URI": "http://comune.milano.it/resource/hotel/residence_pian_della_nave", "value": 0.05941925801169012}, {"URI": "http://comune.milano.it/resource/hotel/albert_hotel", "value": 0.0825197993485758}, {"URI": "http://comune.milano.it/resource/hotel/albergo_del_ponte", "value": 0.11361866545801676}, {"URI": "http://comune.milano.it/resource/hotel/hotel_venini_5", "value": 0.09016126018496172}, {"URI": "http://comune.milano.it/resource/hotel/mythos_hotel", "value": 0.09130000203409955}, {"URI": "http://comune.milano.it/resource/hotel/ares_4", "value": 0.0769615257676918}, {"URI": "http://comune.milano.it/resource/hotel/crowne_plaza_milan_city", "value": 0.07561441672938694}, {"URI": "http://comune.milano.it/resource/hotel/hotel_dieci_2", "value": 0.02785107205068697}, {"URI": "http://comune.milano.it/resource/hotel/hotel_gran_duca_di_york", "value": 0.11013698942354995}, {"URI": "http://comune.milano.it/resource/hotel/hotel_florence", "value": 0.06678029611604659}, {"URI": "http://comune.milano.it/resource/hotel/hotel_tirreno", "value": 0.06690311632903918}, {"URI": "http://comune.milano.it/resource/hotel/nhow_milano", "value": 0.05657391036616099}, {"URI": "http://comune.milano.it/resource/hotel/hotel_bovisa_1", "value": 0.09940035633043826}, {"URI": "http://comune.milano.it/resource/hotel/residence_bonnet", "value": 0.0006770644830058236}, {"URI": "http://comune.milano.it/resource/hotel/hotel_hua_xia_milano", "value": 0.09018100304759089}, {"URI": "http://comune.milano.it/resource/hotel/maison_moschino", "value": 0.006267444528550201}, {"URI": "http://comune.milano.it/resource/hotel/ares_5", "value": 0.09903147204041551}, {"URI": "http://comune.milano.it/resource/hotel/rta_le_gare", "value": 3.379608269476351e-05}, {"URI": "http://comune.milano.it/resource/hotel/hotel_bagliori", "value": 0.08729437396219901}, {"URI": "http://comune.milano.it/resource/hotel/hotel_catalani", "value": 0.060627806185446616}, {"URI": "http://comune.milano.it/resource/hotel/hotel_cervo_12", "value": 0.06314589681936919}, {"URI": "http://comune.milano.it/resource/hotel/hotel_brasil", "value": 0.03428298614267157}, {"URI": "http://comune.milano.it/resource/hotel/down_town_milan_", "value": 0.0787300633138998}, {"URI": "http://comune.milano.it/resource/hotel/montenapoleone_suites", "value": 0.08580863973834893}, {"URI": "http://comune.milano.it/resource/hotel/nhow_milano_1", "value": 0.0483216813257785}, {"URI": "http://comune.milano.it/resource/hotel/hotel_soperga", "value": 0.07945839246007158}, {"URI": "http://comune.milano.it/resource/hotel/hotel_valley", "value": 0.08060296498861667}, {"URI": "http://comune.milano.it/resource/hotel/hotel_virgilio", "value": 0.07679449844005232}, {"URI": "http://comune.milano.it/resource/hotel/tower_house_12", "value": 0.08041001211010983}, {"URI": "http://comune.milano.it/resource/hotel/del_corso", "value": 0.0760392444505676}, {"URI": "http://comune.milano.it/resource/hotel/residence_the_yard", "value": 0.09194806760854092}, {"URI": "http://comune.milano.it/resource/hotel/cristoforo_colombo", "value": 0.09721057606657194}, {"URI": "http://comune.milano.it/resource/hotel/ih_hotels_milano", "value": 0.08613367772604262}, {"URI": "http://comune.milano.it/resource/hotel/uptown_palace", "value": 0.08397251762534319}, {"URI": "http://comune.milano.it/resource/hotel/hotel_ramada_3", "value": 0.08322398982942897}, {"URI": "http://comune.milano.it/resource/hotel/lloyd_hotel", "value": 0.08898607512757276}, {"URI": "http://comune.milano.it/resource/hotel/romana_residence_hotel", "value": 0.08774951179349245}, {"URI": "http://comune.milano.it/resource/hotel/hotel_milano_scala", "value": 0.10836219544136011}, {"URI": "http://comune.milano.it/resource/hotel/trento_2", "value": 0.044785454642706266}, {"URI": "http://comune.milano.it/resource/hotel/sanpi_hotel", "value": 0.11012210243871758}, {"URI": "http://comune.milano.it/resource/hotel/hotel_boutique_duomo", "value": 0.056926309257493556}, {"URI": "http://comune.milano.it/resource/hotel/hotel_nicosia_1", "value": 0.06412568570979149}, {"URI": "http://comune.milano.it/resource/hotel/leonardo_hotel_milan_city_center", "value": 0.08893541844050172}, {"URI": "http://comune.milano.it/resource/hotel/ares_6", "value": 0.08140481617916011}, {"URI": "http://comune.milano.it/resource/hotel/ares_7", "value": 0.0850562829579553}, {"URI": "http://comune.milano.it/resource/hotel/ares_8", "value": 0.06294339752174002}, {"URI": "http://comune.milano.it/resource/hotel/bio_city", "value": 0.07094097636049154}, {"URI": "http://comune.milano.it/resource/hotel/ares_9", "value": 0.06259595860497169}, {"URI": "http://comune.milano.it/resource/hotel/maison_borella", "value": 0.11513437242675023}, {"URI": "http://comune.milano.it/resource/hotel/una_hotel_4", "value": 0.059411842743649496}, {"URI": "http://comune.milano.it/resource/hotel/portello_1", "value": 0.04820123639787997}, {"URI": "http://comune.milano.it/resource/hotel/hotel_brasil_1", "value": 0.04570419247471624}, {"URI": "http://comune.milano.it/resource/hotel/hotel_ritter", "value": 0.10151465829572434}, {"URI": "http://comune.milano.it/resource/hotel/carlyle_brera_hotel", "value": 0.1033084343679571}, {"URI": "http://comune.milano.it/resource/hotel/hotel_andreola", "value": 0.08275984913510961}, {"URI": "http://comune.milano.it/resource/hotel/giulio_cesare", "value": 0.11801778216807571}, {"URI": "http://comune.milano.it/resource/hotel/lloyd_hotel_1", "value": 0.12109579094252448}, {"URI": "http://comune.milano.it/resource/hotel/sunset_hotel_1", "value": 0.11670567196972773}, {"URI": "http://comune.milano.it/resource/hotel/ares_10", "value": 0.04061935568009171}, {"URI": "http://comune.milano.it/resource/hotel/una_hotel_5", "value": 0.09243280920680887}, {"URI": "http://comune.milano.it/resource/hotel/bianca_maria", "value": 0.07126924117578023}, {"URI": "http://comune.milano.it/resource/hotel/hotel_europa_2", "value": 0.05650502609833427}, {"URI": "http://comune.milano.it/resource/hotel/hotel_principe_eugenio", "value": 0.0008815388469710757}, {"URI": "http://comune.milano.it/resource/hotel/residence_pola_4", "value": 0.04181807550242789}, {"URI": "http://comune.milano.it/resource/hotel/hotel_zara_5", "value": 0.006950085774375836}, {"URI": "http://comune.milano.it/resource/hotel/trento_3", "value": 3.379608269476351e-05}, {"URI": "http://comune.milano.it/resource/hotel/hotel_nuova_fiera_srl", "value": 0.0003415540326709485}, {"URI": "http://comune.milano.it/resource/hotel/hotel_galles", "value": 3.379608269476351e-05}, {"URI": "http://comune.milano.it/resource/hotel/il_leonardo_da_vinci", "value": 0.02785107205068697}, {"URI": "http://comune.milano.it/resource/hotel/pavone", "value": 0.07629396375059995}, {"URI": "http://comune.milano.it/resource/hotel/corallo", "value": 0.05687440944564361}, {"URI": "http://comune.milano.it/resource/hotel/castelletto", "value": 0.06249820338826821}, {"URI": "http://comune.milano.it/resource/hotel/espresso_hotel_corso_genova", "value": 0.08412127675823203}, {"URI": "http://comune.milano.it/resource/hotel/metro_1", "value": 0.0764433728658163}, {"URI": "http://comune.milano.it/resource/hotel/lux_hotel_durante", "value": 0.06285461658437776}, {"URI": "http://comune.milano.it/resource/hotel/cinque_giornate", "value": 0.07108548477043596}, {"URI": "http://comune.milano.it/resource/hotel/starhotels_anderson", "value": 0.08128067765409631}, {"URI": "http://comune.milano.it/resource/hotel/vecchia_milano", "value": 0.11019378402611672}, {"URI": "http://comune.milano.it/resource/hotel/euro_inn", "value": 0.07473954358076852}, {"URI": "http://comune.milano.it/resource/hotel/hotel_ritter_1", "value": 0.06935342462168086}, {"URI": "http://comune.milano.it/resource/hotel/hotel_arizona_1", "value": 0.06935342462168086}, {"URI": "http://comune.milano.it/resource/hotel/una_hotel_6", "value": 0.06935342462168086}, {"URI": "http://comune.milano.it/resource/hotel/ca_granda__hotel_corte_del_naviglio", "value": 0.06935342462168086}, {"URI": "http://comune.milano.it/resource/hotel/cosmo_hotel_palace", "value": 0.06935342462168086}, {"URI": "http://comune.milano.it/resource/hotel/hotel_novotel_milano_linate_aeroporto", "value": 0.06935342462168086}, {"URI": "http://comune.milano.it/resource/hotel/h2c_hotel_milanofiori", "value": 0.06935342462168086}, {"URI": "http://comune.milano.it/resource/hotel/cagrande", "value": 0.06935342462168086}, {"URI": "http://comune.milano.it/resource/hotel/air_hotel_linate", "value": 0.06935342462168086}, {"URI": "http://comune.milano.it/resource/hotel/sporting", "value": 0.06935342462168086}, {"URI": "http://comune.milano.it/resource/hotel/zurigo", "value": 0.09089162895394666}, {"URI": "http://comune.milano.it/resource/hotel/starhotels_business_palace", "value": 0.0379277063554607}, {"URI": "http://comune.milano.it/resource/hotel/xxii_marzo", "value": 0.06617111577884932}, {"URI": "http://comune.milano.it/resource/hotel/antares_hotel_accademia", "value": 0.04437579162913405}, {"URI": "http://comune.milano.it/resource/hotel/autosole_2", "value": 0.04194573064425606}, {"URI": "http://comune.milano.it/resource/hotel/sabatino", "value": 0.06618727891455091}, {"URI": "http://comune.milano.it/resource/hotel/delizia", "value": 0.05916699629488817}, {"URI": "http://comune.milano.it/resource/hotel/oro_blu", "value": 0.049403345778585205}, {"URI": "http://comune.milano.it/resource/hotel/atlantic_hotel", "value": 0.0925823177831217}, {"URI": "http://comune.milano.it/resource/hotel/ideale", "value": 0.06482069597728222}, {"URI": "http://comune.milano.it/resource/hotel/hotel_chopin_3", "value": 3.379608269476351e-05}, {"URI": "http://comune.milano.it/resource/hotel/hotel_buenos_aires", "value": 0.08755537841134418}, {"URI": "http://comune.milano.it/resource/hotel/hotel_town_house_31", "value": 0.013211480471525873}, {"URI": "http://comune.milano.it/resource/hotel/hotel_acapulco", "value": 0.06101956264935157}, {"URI": "http://comune.milano.it/resource/hotel/ischia", "value": 0.003441922192751987}, {"URI": "http://comune.milano.it/resource/hotel/residence_international", "value": 3.379608269476351e-05}, {"URI": "http://comune.milano.it/resource/hotel/doria_suisse", "value": 0.0012079961254109004}, {"URI": "http://comune.milano.it/resource/hotel/hotel_carrobbio", "value": 0.0996306387192223}, {"URI": "http://comune.milano.it/resource/hotel/hotel_montebianco", "value": 0.04728661948694121}, {"URI": "http://comune.milano.it/resource/hotel/hotel_iride_2", "value": 0.08537653083473497}, {"URI": "http://comune.milano.it/resource/hotel/hotel_monopole_1", "value": 0.08518036645734545}, {"URI": "http://comune.milano.it/resource/hotel/hotel_cervo_13", "value": 0.08492268463227481}, {"URI": "http://comune.milano.it/resource/hotel/hotel_venini_6", "value": 0.08525100415723051}, {"URI": "http://comune.milano.it/resource/hotel/hotel_perugino_2", "value": 0.0867415153206633}, {"URI": "http://comune.milano.it/resource/hotel/hotel_cervo_14", "value": 0.08554148490169015}, {"URI": "http://comune.milano.it/resource/hotel/the_best_hotel", "value": 0.08648680977237014}, {"URI": "http://comune.milano.it/resource/hotel/hotel_soperga_1", "value": 0.08877013897288538}, {"URI": "http://comune.milano.it/resource/hotel/room_mate_giulia_hotel", "value": 0.12769600702673514}, {"URI": "http://comune.milano.it/resource/hotel/townhouse_duomo_milano", "value": 0.12729963279628048}, {"URI": "http://comune.milano.it/resource/hotel/campus_fideuram", "value": 0.021930112063136862}, {"URI": "http://comune.milano.it/resource/hotel/hotel_bogart_2", "value": 0.05731094827790609}, {"URI": "http://comune.milano.it/resource/hotel/admiral_hotel", "value": 0.06614284632644017}, {"URI": "http://comune.milano.it/resource/hotel/hotel_brasil_2", "value": 0.06807637315014875}, {"URI": "http://comune.milano.it/resource/hotel/residenza_vignale", "value": 0.0729240097276048}, {"URI": "http://comune.milano.it/resource/hotel/mercure_milano_solari", "value": 0.08816058564333827}, {"URI": "http://comune.milano.it/resource/hotel/hotel_venini_7", "value": 0.06750617703581414}, {"URI": "http://comune.milano.it/resource/hotel/hotel_gran_sasso", "value": 0.0682357176120402}, {"URI": "http://comune.milano.it/resource/hotel/rossovino", "value": 0.05337820619633876}, {"URI": "http://comune.milano.it/resource/hotel/oro_blu_1", "value": 0.062050154184620024}, {"URI": "http://comune.milano.it/resource/hotel/ares_11", "value": 0.07460101233739477}, {"URI": "http://comune.milano.it/resource/hotel/certosa", "value": 0.04898213381651156}, {"URI": "http://comune.milano.it/resource/hotel/holiday_inn_milan_garibaldi_station", "value": 0.08772479638881966}, {"URI": "http://comune.milano.it/resource/hotel/metro_2", "value": 0.0831127400123238}, {"URI": "http://comune.milano.it/resource/hotel/best_western_blaise_&_francis", "value": 0.054244543294814505}, {"URI": "http://comune.milano.it/resource/hotel/mihotel", "value": 0.04307290620601117}, {"URI": "http://comune.milano.it/resource/hotel/the_street_milano_duomo", "value": 0.12665800609187172}, {"URI": "http://comune.milano.it/resource/hotel/huaxia_milano_dipendenza", "value": 0.08984033503390426}, {"URI": "http://comune.milano.it/resource/hotel/hotel_europa_3", "value": 0.06787649868378291}, {"URI": "http://comune.milano.it/resource/hotel/palazzo_segreti", "value": 0.11615447222918922}, {"URI": "http://comune.milano.it/resource/hotel/antica_locanda_leonardo", "value": 0.07619361275670462}, {"URI": "http://comune.milano.it/resource/hotel/hotel_cervo_15", "value": 0.11313693289325054}, {"URI": "http://comune.milano.it/resource/hotel/hotel_astoria_2", "value": 0.09348654956099402}, {"URI": "http://comune.milano.it/resource/hotel/hotel_dieci_3", "value": 0.06731335921617516}, {"URI": "http://comune.milano.it/resource/hotel/hotel_europa_4", "value": 0.0675230278985301}, {"URI": "http://comune.milano.it/resource/hotel/hotel_losanna_5", "value": 0.04556976923018963}, {"URI": "http://comune.milano.it/resource/hotel/hotel_sempione_1", "value": 0.09330881800885046}, {"URI": "http://comune.milano.it/resource/hotel/mini_hotel_aosta", "value": 0.0915410569455441}, {"URI": "http://comune.milano.it/resource/hotel/una_hotel_7", "value": 0.08995359221852445}, {"URI": "http://comune.milano.it/resource/hotel/hotel_ramada_4", "value": 0.09361331433183574}, {"URI": "http://comune.milano.it/resource/hotel/hotel_venini_8", "value": 0.09228436378488035}, {"URI": "http://comune.milano.it/resource/hotel/ih_hotels_milano_1", "value": 0.02663914503396592}, {"URI": "http://comune.milano.it/resource/hotel/belsit", "value": 0.043807820345422355}, {"URI": "http://comune.milano.it/resource/hotel/ares_12", "value": 0.06924086815766492}, {"URI": "http://comune.milano.it/resource/hotel/accursio", "value": 0.0446702488919254}, {"URI": "http://comune.milano.it/resource/hotel/nuovo_murillo", "value": 0.04601579349689608}, {"URI": "http://comune.milano.it/resource/hotel/hotel_dei_cavalieri", "value": 0.09717942474065998}, {"URI": "http://comune.milano.it/resource/hotel/hotel_cervo_16", "value": 0.09213907504503163}, {"URI": "http://comune.milano.it/resource/hotel/hotel_mediolanum", "value": 0.09117202647569371}, {"URI": "http://comune.milano.it/resource/hotel/hotel_mignon_1", "value": 0.05389318105580449}, {"URI": "http://comune.milano.it/resource/hotel/lloyd_hotel_2", "value": 0.046316684365557574}, {"URI": "http://comune.milano.it/resource/hotel/corona_2", "value": 0.09296676864333939}, {"URI": "http://comune.milano.it/resource/hotel/hotel_cristallo", "value": 0.08435597901523875}, {"URI": "http://comune.milano.it/resource/hotel/seven_stars_galleria", "value": 0.12420213383794737}, {"URI": "http://comune.milano.it/resource/hotel/la_gare", "value": 0.0970902855046007}, {"URI": "http://comune.milano.it/resource/hotel/hotel_cervo_17", "value": 0.017986164246500232}, {"URI": "http://comune.milano.it/resource/hotel/hotel_calypso_1", "value": 0.08783055872098583}, {"URI": "http://comune.milano.it/resource/hotel/hotel_valley_1", "value": 0.08596868404157405}, {"URI": "http://comune.milano.it/resource/hotel/town_house_33", "value": 0.0662035798425506}, {"URI": "http://comune.milano.it/resource/hotel/arco_romana", "value": 0.0677580599902148}, {"URI": "http://comune.milano.it/resource/hotel/ai_suma_hotel", "value": 0.09244729179557086}, {"URI": "http://comune.milano.it/resource/hotel/baviera_mokinba_hotels", "value": 0.09917351516241657}, {"URI": "http://comune.milano.it/resource/hotel/barcelo_milan", "value": 0.02833245969489202}, {"URI": "http://comune.milano.it/resource/hotel/lagare_hotel_milano_centrale", "value": 0.09151063985989635}, {"URI": "http://comune.milano.it/resource/hotel/ares_13", "value": 0.05570458157579298}, {"URI": "http://comune.milano.it/resource/hotel/hotel_chopin_4", "value": 0.052170093649743704}, {"URI": "http://comune.milano.it/resource/hotel/chteau_monfort_1", "value": 0.07301783859748345}, {"URI": "http://comune.milano.it/resource/hotel/delizia_1", "value": 0.04300413904652725}, {"URI": "http://comune.milano.it/resource/hotel/radisson_blu_hotel", "value": 0.038687677249651733}, {"URI": "http://comune.milano.it/resource/hotel/hotel_deste_1", "value": 0.0767453706467704}, {"URI": "http://comune.milano.it/resource/hotel/residence_di_corso_italia", "value": 0.08640912558667906}, {"URI": "http://comune.milano.it/resource/hotel/residence_loreto", "value": 0.05157035389700941}, {"URI": "http://comune.milano.it/resource/hotel/ambrosiana", "value": 0.078825404082211}, {"URI": "http://comune.milano.it/resource/hotel/di_nuova_vista", "value": 0.04653584299937419}, {"URI": "http://comune.milano.it/resource/hotel/hotel_venini_9", "value": 0.056884654822140245}, {"URI": "http://comune.milano.it/resource/hotel/hotel_santambroeus", "value": 0.07341425930065675}, {"URI": "http://comune.milano.it/resource/hotel/hotel_ramada_5", "value": 0.05268024796310431}, {"URI": "http://comune.milano.it/resource/hotel/the_place__suite_manzoni", "value": 0.13746436386717803}, {"URI": "http://comune.milano.it/resource/hotel/ares_14", "value": 0.075464215290226}, {"URI": "http://comune.milano.it/resource/hotel/andreola_central", "value": 0.08327105294505316}, {"URI": "http://comune.milano.it/resource/hotel/jolie_4", "value": 0.074676487902905}, {"URI": "http://comune.milano.it/resource/hotel/vittoria", "value": 0.06747065300039315}, {"URI": "http://comune.milano.it/resource/hotel/starhotels_echo_1", "value": 0.08110127898734715}, {"URI": "http://comune.milano.it/resource/hotel/spadari_al_duomo", "value": 0.12382026668985892}, {"URI": "http://comune.milano.it/resource/hotel/di_porta_romana", "value": 0.061712040587795364}, {"URI": "http://comune.milano.it/resource/hotel/ares_15", "value": 0.027502983921972965}, {"URI": "http://comune.milano.it/resource/hotel/delizia_2", "value": 0.06533769234164591}, {"URI": "http://comune.milano.it/resource/hotel/corallo_1", "value": 0.06260654523908567}, {"URI": "http://comune.milano.it/resource/hotel/hotel_roxy_5", "value": 0.06935342462168086}, {"URI": "http://comune.milano.it/resource/hotel/residence_le_corti", "value": 0.06935342462168086}, {"URI": "http://comune.milano.it/resource/hotel/corona_3", "value": 0.06935342462168086}, {"URI": "http://comune.milano.it/resource/hotel/majestic", "value": 0.06935342462168086}, {"URI": "http://comune.milano.it/resource/hotel/regency_hotel_1", "value": 0.06935342462168086}, {"URI": "http://comune.milano.it/resource/hotel/starhotel_echo", "value": 0.06935342462168086}, {"URI": "http://comune.milano.it/resource/hotel/hotel_michelangelo", "value": 0.06935342462168086}, {"URI": "http://comune.milano.it/resource/hotel/hotel_ramada_6", "value": 0.06935342462168086}, {"URI": "http://comune.milano.it/resource/hotel/doubletree_by_hilton_hotel_milan", "value": 0.06935342462168086}, {"URI": "http://comune.milano.it/resource/hotel/belsit_1", "value": 0.06935342462168086}, {"URI": "http://comune.milano.it/resource/hotel/residence_futura", "value": 0.010300104418858235}, {"URI": "http://comune.milano.it/resource/hotel/hotel_del_sud", "value": 0.04656376870723539}, {"URI": "http://comune.milano.it/resource/hotel/hotel_corvetto", "value": 0.043520010986893384}, {"URI": "http://comune.milano.it/resource/hotel/corvetto_residence_porto_di_mare", "value": 3.379608269476351e-05}, {"URI": "http://comune.milano.it/resource/hotel/white_zambala_luxury_residence", "value": 0.051215297648226354}, {"URI": "http://comune.milano.it/resource/hotel/mihotel_1", "value": 0.059534950777946245}, {"URI": "http://comune.milano.it/resource/hotel/residenza_chiaralba", "value": 3.379608269476351e-05}, {"URI": "http://comune.milano.it/resource/hotel/green_house_residence", "value": 0.03939682987431096}, {"URI": "http://comune.milano.it/resource/hotel/residence_giambellino_di_laura_fiamberti", "value": 0.04947593041026609}, {"URI": "http://comune.milano.it/resource/hotel/hotel_des_etranger_s", "value": 0.00025016646183923934}, {"URI": "http://comune.milano.it/resource/hotel/pavone_1", "value": 0.05743411361139423}, {"URI": "http://comune.milano.it/resource/hotel/mozart", "value": 0.08309566144721878}, {"URI": "http://comune.milano.it/resource/hotel/starhotels_tourist", "value": 0.035110106969917614}, {"URI": "http://comune.milano.it/resource/hotel/mihotel_2", "value": 0.04936007956700337}, {"URI": "http://comune.milano.it/resource/hotel/hilton_garden_inn_milano_nord", "value": 0.04065432694956676}, {"URI": "http://comune.milano.it/resource/hotel/mozart_1", "value": 0.05414722467218434}, {"URI": "http://comune.milano.it/resource/hotel/hotel_degli_arcimboldi", "value": 0.034585446572580364}, {"URI": "http://comune.milano.it/resource/hotel/des_etrangers", "value": 0.05247978164172156}, {"URI": "http://comune.milano.it/resource/hotel/centro_alberghiero_ornato", "value": 0.036094869820132464}, {"URI": "http://comune.milano.it/resource/hotel/catalani_&_madrid", "value": 0.06033941565296499}, {"URI": "http://comune.milano.it/resource/hotel/ambasciatori", "value": 0.09712137458196325}, {"URI": "http://comune.milano.it/resource/hotel/hotel_bolzano", "value": 0.0913611790560443}, {"URI": "http://comune.milano.it/resource/hotel/piccolo_hotel", "value": 0.06747513749752808}, {"URI": "http://comune.milano.it/resource/hotel/antica_locanda_dei_mercanti", "value": 0.11932804795018387}, {"URI": "http://comune.milano.it/resource/hotel/grand_visconti_palace", "value": 0.05520674690937112}, {"URI": "http://comune.milano.it/resource/hotel/hotel_st_john", "value": 0.034615976118851886}, {"URI": "http://comune.milano.it/resource/hotel/ristorante_solferino", "value": 0.2179299465298542}, {"URI": "http://comune.milano.it/resource/hotel/b&b_hotel_milano__sesto_san_giovanni", "value": 0.03454431902519717}, {"URI": "http://comune.milano.it/resource/hotel/espressohotel_milano_linate", "value": 0.025849790538077382}, {"URI": "http://comune.milano.it/resource/hotel/piccolo_hotel_a_casa_tua", "value": 0.021888294623229887}, {"URI": "http://comune.milano.it/resource/hotel/alessander", "value": 0.0395075996585639}, {"URI": "http://comune.milano.it/resource/hotel/il_girasole", "value": 0.03645003207340642}, {"URI": "http://comune.milano.it/resource/hotel/fifty_house", "value": 0.06916808191137215}, {"URI": "http://comune.milano.it/resource/hotel/due_giardini", "value": 0.08647123196768426}, {"URI": "http://comune.milano.it/resource/hotel/st_george", "value": 0.10411823484717794}, {"URI": "http://comune.milano.it/resource/hotel/milan_marriott", "value": 0.05613109050086251}, {"URI": "http://comune.milano.it/resource/hotel/hotel_astrid", "value": 0.06478212814864323}, {"URI": "http://comune.milano.it/resource/hotel/san_francisco", "value": 0.062205303187396206}, {"URI": "http://comune.milano.it/resource/hotel/ramada_plaza_milano", "value": 0.04775271456254122}, {"URI": "http://comune.milano.it/resource/hotel/nh_collection_porta_nuova", "value": 0.10384189582885946}, {"URI": "http://comune.milano.it/resource/hotel/contessa_jolanda_residence", "value": 0.06935342462168086}, {"URI": "http://comune.milano.it/resource/hotel/novotel_milano_nord_ca_granda", "value": 0.06935342462168086}, {"URI": "http://comune.milano.it/resource/hotel/hotel_royal_garden", "value": 0.06935342462168086}, {"URI": "http://comune.milano.it/resource/hotel/la_residenza", "value": 0.06935342462168086}, {"URI": "http://comune.milano.it/resource/hotel/hotel_ristorante_la_rampina", "value": 0.021829610002216865}, {"URI": "http://comune.milano.it/resource/hotel/residence_villa_odescalchi", "value": 0.09050730357790591}, {"URI": "http://comune.milano.it/resource/hotel/hotel_europa_5", "value": 0.09014749209477044}, {"URI": "http://comune.milano.it/resource/hotel/milan_suite_hotel", "value": 0.03905606288164945}, {"URI": "http://comune.milano.it/resource/hotel/hotel_europa_6", "value": 0.09190280054484304}, {"URI": "http://comune.milano.it/resource/hotel/hotel_mignon_2", "value": 0.1036431313994617}, {"URI": "http://comune.milano.it/resource/hotel/san_giovanni", "value": 3.379608269476351e-05}, {"URI": "http://comune.milano.it/resource/hotel/albergo_susa", "value": 0.005505146019855683}, {"URI": "http://comune.milano.it/resource/hotel/hotel_el_diablo", "value": 0.05429327739022434}, {"URI": "http://comune.milano.it/resource/hotel/pensione_lanterna", "value": 0.0012502478882673788}, {"URI": "http://comune.milano.it/resource/hotel/residencemignoncase_tre", "value": 3.379608269476351e-05}, {"URI": "http://comune.milano.it/resource/hotel/hotel_astrid_1", "value": 0.05429327739022434}, {"URI": "http://comune.milano.it/resource/hotel/residence_sigieri", "value": 3.379608269476351e-05}, {"URI": "http://comune.milano.it/resource/hotel/hotel_zara_6", "value": 0.0012216256219317323}, {"URI": "http://comune.milano.it/resource/hotel/albergo_lario_1", "value": 0.0010971368445865082}, {"URI": "http://comune.milano.it/resource/hotel/hotel_molise2", "value": 0.04932718126777032}, {"URI": "http://comune.milano.it/resource/hotel/nh_president", "value": 0.08947053627412806}, {"URI": "http://comune.milano.it/resource/hotel/ac_milano", "value": 0.08993441256040186}, {"URI": "http://comune.milano.it/resource/hotel/mozart_2", "value": 0.05853752462751771}, {"URI": "http://comune.milano.it/resource/hotel/double_tree_by_hilton_milan", "value": 0.03764218233708894}, {"URI": "http://comune.milano.it/resource/hotel/ares_16", "value": 0.08517397282417279}, {"URI": "http://comune.milano.it/resource/hotel/pavone_2", "value": 0.0963686582530384}, {"URI": "http://comune.milano.it/resource/hotel/ferrari_1", "value": 0.055493249560365755}, {"URI": "http://comune.milano.it/resource/hotel/mini_hotel_la_spezia", "value": 0.04927717138238897}, {"URI": "http://comune.milano.it/resource/hotel/magville_hotel", "value": 0.06652607397666578}, {"URI": "http://comune.milano.it/resource/hotel/citta_studi", "value": 0.05870932011031649}, {"URI": "http://comune.milano.it/resource/hotel/pensione_aris_3", "value": 0.0012079961254109004}, {"URI": "http://comune.milano.it/resource/hotel/hotel_galles_1", "value": 0.08263889061288843}, {"URI": "http://comune.milano.it/resource/hotel/hotel_paganini", "value": 0.0003022251929167785}, {"URI": "http://comune.milano.it/resource/hotel/majorca", "value": 3.379608269476351e-05}, {"URI": "http://comune.milano.it/resource/hotel/residence_bianca_croce", "value": 3.379608269476351e-05}, {"URI": "http://comune.milano.it/resource/hotel/hotel_zara_7", "value": 0.005598880522817568}, {"URI": "http://comune.milano.it/resource/hotel/albergo_lario_2", "value": 3.379608269476351e-05}, {"URI": "http://comune.milano.it/resource/hotel/sunset_city", "value": 0.013155731750812099}, {"URI": "http://comune.milano.it/resource/hotel/hotel_zara_8", "value": 3.379608269476351e-05}, {"URI": "http://comune.milano.it/resource/hotel/hotel_zara_9", "value": 3.379608269476351e-05}]